dolt
olt
1
63
vlt, omt, nlt, dlt, ott, flt, opt, clt, plt, bolt, ole, olot, solt, ol, ot, holt, mlt, slt, oct, olm, jolt, xlt, oat, elt, blt, ort, oft, molt, ogt, alt, odt, glt, tlt, ult, lt, oqt, colt, ost, old, olh, oln, ilt, rolt, ont, oblt, hlt, out, oot, volt, ola, olb, olc, olf, olg, oli, oll, olo, ols, olt, olu, oly, olta, oltl

fag
afg
1
54
aeg, ag, af, afl, afm, afn, afo, afi, afk, afd, afe, aff, afg, afb, afc, afx, aft, afu, afv, afp, afr, afs, lfg, ang, efg, aag, abg, aug, acg, avg, atg, afa, ffg, awg, agg, arg, pfg, fg, alg, asg, dfg, amg, tfg, ahg, aog, cfg, mfg, aig, sfg, akg, bfg, rfg, adg, apg

dick
dikc
1
8
ditc, diki, diko, dike, dik, dic, difc, disc

suck
usck
1
11
uscs, usct, usca, uscc, uscg, uscf, busck, uck, usuk, usc, usk

penis
pensi
1
8
ensi, pens, kensi, peni, pense, penso, sensi, pepsi

loser
loesr
1
3
loes, loeser, loess

dick
dikc
1
8
ditc, diki, diko, dike, dik, dic, difc, disc

idiot
diiot
1
2
didot, dicot

dick
dikc
1
8
ditc, diki, diko, dike, dik, dic, difc, disc

kill
ikll
1
4
kll, itll, ikl, ill

moron
mroon
1
7
roon, troon, kroon, croon, moon, mrton, maroon

fu
uf
1
96
ufc, af, if, buf, qf, lf, uvf, yf, uaf, uwf, hf, pf, ucf, xf, f, udf, auf, u, uef, puf, gf, of, wf, ufi, ufj, ufl, ufm, ufo, ufa, ufe, uff, ufp, ufs, uft, ufw, ukf, us, um, uh, ud, uc, ff, tuf, uhf, nf, vf, cuf, uif, =f, ef, ruf, mf, u2, u., u|, uy, ux, uz, uu, ut, uw, uv, uq, up, ur, ul, uo, un, ui, uk, uj, ue, ug, uf, ua, ub, ulf, umf, tf, unf, utf, cf, upf, kf, huf, sf, urf, bf, jf, nuf, duf, usf, rf, zf, df, 2f

you
oyu
1
28
omu, yu, ayu, oyu, oyl, oyj, oye, oya, pyu, otu, oy, ou, obu, ozu, ocu, oku, oau, nyu, oyo, oru, kyu, odu, osu, owu, onu, olu, ryu, byu

idiot
diiot
1
2
didot, dicot

idiot
idito
1
1
dito

suck
scuk
1
9
scu, fcuk, shuk, scup, scud, scum, suk, souk, sauk

dick
idck
1
4
idcs, idk, ick, idc

suck
usck
1
11
uscs, usct, usca, uscc, uscg, uscf, busck, uck, usuk, usc, usk

cock
occk
1
3
ock, occ, cck

idiot
diiot
1
2
didot, dicot

die
dei
1
88
dni, aei, gei, deo, sei, dex, dee, hei, daei, dzi, dli, wei, deir, deis, dein, eei, vei, lei, fei, dedi, deki, dmei, zei, drei, jei, rei, devi, dci, deli, dbi, dai, dewi, kei, iei, ei, pei, deri, dgi, desi, dui, dfi, yei, oei, dsi, di, de, nei, dey, dez, dep, deq, der, des, det, deu, dev, dew, deh, dei, dej, dek, del, dem, den, dea, deb, dec, ded, def, deg, tei, dri, ddi, doi, mei, bei, dpi, debi, dji, cei, dwi, dii, dvi, dmi, dhi, demi, dti, deni

bitch
ibtch
1
1
itch

nigger
nigegr
1
1
niger

anus
auns
1
37
runs, funs, nuns, agns, aunts, huns, ahns, juns, suns, aunis, aun, aus, yuns, aunt, asns, auvs, kuns, buns, arns, duns, tuns, aurs, aruns, muns, xuns, ans, uns, anns, aune, aung, auis, guns, awns, auks, fauns, luns, puns

pig
pgi
1
60
pfi, wgi, lgi, poi, agi, pyi, pg, pi, pni, pxi, pmi, pwi, pegi, pli, egi, pki, gi, pti, pii, ugi, psi, jgi, phi, pai, pri, pgf, pgd, pge, pgc, pga, pgn, pgo, pgl, pgm, pgk, pgh, pgi, pgr, pgs, pgp, ppi, pei, ogi, ygi, dgi, tgi, pdi, igi, pci, pbi, pagi, pvi, pgt, pui, ngi, cgi, mgi, bgi, rgi, sgi

pot
opt
1
58
omt, hpt, opg, opm, copt, ott, fpt, wpt, ept, gpt, pt, opt, opa, lpt, cpt, ot, op, oct, apt, ipt, rpt, oat, ort, oft, ppt, xpt, ogt, odt, opv, opp, opr, ops, opd, ope, opf, opb, opc, opl, opn, opo, oph, opi, tpt, oqt, opts, ost, mpt, dpt, upt, ont, vpt, out, kpt, bpt, spt, oot, olt, npt

pussy
psusy
1
3
psus, susy, prusy

you
yuo
1
45
ymo, muo, ypo, luo, yo, yu, yoo, cuo, yio, yuzo, yuon, duo, yko, yugo, quo, wuo, yue, tuo, yuko, ruo, zuo, uo, yuto, yeo, guo, kuo, suo, huo, yao, yuq, yup, yus, yuu, yuv, yui, yuh, yuk, yum, yul, yuo, yun, yud, yug, yco, nuo

moron
moorn
1
9
morn, moora, moore, moors, moon, mourn, moor, hoorn, doorn

idiot
diiot
1
2
didot, dicot

cock
cokc
1
7
ckc, cosc, coke, coc, corc, okc, conc

idiot
iidot
1
4
didot, indot, ridot, idot

shut
shtu
1
13
satu, situ, shmu, shti, shou, shuu, stu, shiu, sht, shu, shsu, shau, setu

suck
scuk
1
9
scu, fcuk, shuk, scup, scud, scum, suk, souk, sauk

anus
auns
1
37
runs, funs, nuns, agns, aunts, huns, ahns, juns, suns, aunis, aun, aus, yuns, aunt, asns, auvs, kuns, buns, arns, duns, tuns, aurs, aruns, muns, xuns, ans, uns, anns, aune, aung, auis, guns, awns, auks, fauns, luns, puns

sexual
seuxal
1
1
seixal

moron
moorn
1
9
morn, moora, moore, moors, moon, mourn, moor, hoorn, doorn

dick
idck
1
4
idcs, idk, ick, idc

die
dei
1
88
dni, aei, gei, deo, sei, dex, dee, hei, daei, dzi, dli, wei, deir, deis, dein, eei, vei, lei, fei, dedi, deki, dmei, zei, drei, jei, rei, devi, dci, deli, dbi, dai, dewi, kei, iei, ei, pei, deri, dgi, desi, dui, dfi, yei, oei, dsi, di, de, nei, dey, dez, dep, deq, der, des, det, deu, dev, dew, deh, dei, dej, dek, del, dem, den, dea, deb, dec, ded, def, deg, tei, dri, ddi, doi, mei, bei, dpi, debi, dji, cei, dwi, dii, dvi, dmi, dhi, demi, dti, deni

you
yuo
1
45
ymo, muo, ypo, luo, yo, yu, yoo, cuo, yio, yuzo, yuon, duo, yko, yugo, quo, wuo, yue, tuo, yuko, ruo, zuo, uo, yuto, yeo, guo, kuo, suo, huo, yao, yuq, yup, yus, yuu, yuv, yui, yuh, yuk, yum, yul, yuo, yun, yud, yug, yco, nuo

suck
sukc
1
7
skc, ukc, suc, suk, suki, sukh, suka

bitch
ibtch
1
1
itch

stupid
stupdi
1
1
studi

sick
isck
1
9
iscs, isca, iscb, iscm, isco, isc, isak, isk, ick

with
iwth
1
3
ith, wth, rwth

pussy
pusys
1
3
pusks, psys, puss

suck
usck
1
11
uscs, usct, usca, uscc, uscg, uscf, busck, uck, usuk, usc, usk

idiot
idito
1
1
dito

stupid
stupdi
1
1
studi

scum
csum
1
14
cum, chum, csm, csu, csus, csun, bsum, rsum, tsum, csuf, clum, crum, sum, coum

cock
cokc
1
7
ckc, cosc, coke, coc, corc, okc, conc

are
aer
1
89
aep, aes, aer, aeu, aet, aew, aea, aec, aeb, aee, aed, aeg, aei, aek, aem, ael, aeo, ger, ar, ser, aef, aen, afr, her, ayr, agr, fer, wer, eer, ver, ier, aar, caer, baer, ae, laer, acer, atr, abr, aur, azer, aber, maer, acr, zer, avr, jer, gaer, aver, apr, aqr, haer, arr, aere, aera, aero, aert, ayer, ker, aker, er, asr, per, ater, alr, amr, yer, oer, ner, der, anr, ter, amer, aor, ager, mer, ahr, ber, afer, rer, air, ajr, ader, cer, akr, aper, auer, adr, ler

suck
scuk
1
9
scu, fcuk, shuk, scup, scud, scum, suk, souk, sauk

stupid
stupdi
1
1
studi

fool
folo
1
35
foto, kolo, nolo, foco, bolo, solo, follo, holo, tolo, fogo, iolo, foli, jolo, filo, foxo, golo, yolo, molo, folio, fola, lolo, dolo, volo, colo, flo, folco, polo, rolo, fold, folk, fol, foo, foro, olo, fono

butt
btut
1
9
but, itut, btu, brut, bcut, tut, bout, byut, blut

anus
auns
1
37
runs, funs, nuns, agns, aunts, huns, ahns, juns, suns, aunis, aun, aus, yuns, aunt, asns, auvs, kuns, buns, arns, duns, tuns, aurs, aruns, muns, xuns, ans, uns, anns, aune, aung, auis, guns, awns, auks, fauns, luns, puns

kill
klil
1
16
kll, kli, koil, kalil, kil, knil, klim, klik, klin, klif, klia, klis, klip, lil, keil, kail

suck
usck
1
11
uscs, usct, usca, uscc, uscg, uscf, busck, uck, usuk, usc, usk

fag
fga
1
57
fia, fwa, wga, fha, fga, fva, lga, fka, aga, fpa, fea, fsa, faa, vga, fra, fgv, fgr, fgm, fgd, fgb, fgc, fpga, ga, dga, ffa, uga, ega, fda, jga, fa, kga, fuga, pga, fca, fba, fg, oga, fua, tga, iga, fgra, fgs, fgf, yga, nga, cga, fma, mga, fla, bga, rga, foa, gga, sga, fna, fta, hga

suck
sukc
1
7
skc, ukc, suc, suk, suki, sukh, suka

idiot
idoit
1
2
idot, doit

biter
bitre
1
10
bite, bire, mitre, bivre, bictre, litre, nitre, bitte, pitre, titre

block
lbock
1
5
lock, bock, lbeck, obock, lbork

idiot
diiot
1
2
didot, dicot

stupid
stupdi
1
1
studi

suck
usck
1
11
uscs, usct, usca, uscc, uscg, uscf, busck, uck, usuk, usc, usk

suck
usck
1
11
uscs, usct, usca, uscc, uscg, uscf, busck, uck, usuk, usc, usk

die
ide
1
94
inde, pide, aide, ihe, idr, ie, ike, vide, ede, hide, vde, lde, ude, iae, id, ive, dde, ite, iwe, mide, nide, ipe, tide, bide, lide, side, kde, id=, idx, idv, idw, idt, idu, ids, idp, idn, idl, idm, idk, idh, idi, idf, idg, idd, ide, idb, ida, iie, iee, ise, idel, idem, iden, ideo, idee, idef, idea, idec, idex, ides, ife, yde, ode, pde, iue, ige, ride, de, nde, mde, tde, wide, ibe, ice, eide, gde, ize, cde, bde, rde, ile, idle, ido, idc, gide, ime, cide, ine, ire, ade, fide, i.e, sde, ioe

whore
hwore
1
3
swore, wore, hore

bitch
ibtch
1
1
itch

type
ytpe
1
2
tpe, ytre

hell
ehll
1
6
eyll, ehl, ell, hll, emll, ehle

bitch
btich
1
4
bich, stich, tich, btech

pig
pgi
1
60
pfi, wgi, lgi, poi, agi, pyi, pg, pi, pni, pxi, pmi, pwi, pegi, pli, egi, pki, gi, pti, pii, ugi, psi, jgi, phi, pai, pri, pgf, pgd, pge, pgc, pga, pgn, pgo, pgl, pgm, pgk, pgh, pgi, pgr, pgs, pgp, ppi, pei, ogi, ygi, dgi, tgi, pdi, igi, pci, pbi, pagi, pvi, pgt, pui, ngi, cgi, mgi, bgi, rgi, sgi

bitch
ibtch
1
1
itch

damn
dman
1
37
edman, dma, tman, dyan, lman, gman, duan, uman, doman, deman, zman, dwan, dhan, dmac, dman, dmas, dmax, sman, man, djan, dan, hman, dmin, doan, dsan, dian, daman, oman, dmon, dean, xman, eman, duman, iman, daan, aman, dmn

hell
ehll
1
6
eyll, ehl, ell, hll, emll, ehle

idiot
iidot
1
4
didot, indot, ridot, idot

snot
sont
1
33
sant, sort, wont, sunt, sonu, hont, solt, son, sot, soot, bont, sona, sone, song, sonn, sono, sons, sony, soit, mont, soni, sont, dont, snt, pont, soft, sent, scnt, sonet, ont, cont, font, sint

crap
rcap
1
18
cap, gcap, reap, acap, ccap, rap, rcas, rcaf, rcac, scap, rcp, rca, recap, rnap, ncap, pcap, rcmp, icap

bitch
btich
1
4
bich, stich, tich, btech

you
yuo
1
45
ymo, muo, ypo, luo, yo, yu, yoo, cuo, yio, yuzo, yuon, duo, yko, yugo, quo, wuo, yue, tuo, yuko, ruo, zuo, uo, yuto, yeo, guo, kuo, suo, huo, yao, yuq, yup, yus, yuu, yuv, yui, yuh, yuk, yum, yul, yuo, yun, yud, yug, yco, nuo

scum
scmu
1
9
samu, scm, scu, somu, shmu, cmu, smu, semu, scms

suck
usck
1
11
uscs, usct, usca, uscc, uscg, uscf, busck, uck, usuk, usc, usk

suck
sukc
1
7
skc, ukc, suc, suk, suki, sukh, suka

suck
usck
1
11
uscs, usct, usca, uscc, uscg, uscf, busck, uck, usuk, usc, usk

stop
sotp
1
13
sftp, soup, sot, totp, sctp, smtp, stp, soap, otp, sop, sota, soto, soth

shut
hsut
1
8
hout, hsus, jsut, haut, sut, hut, hst, hsu

penis
pneis
1
3
pneis, preis, peis

penis
pensi
1
8
ensi, pens, kensi, peni, pense, penso, sensi, pepsi

bitch
bicth
1
2
bich, birth

black
balck
1
9
balak, baeck, balco, balch, balck, balik, falck, balk, back

shut
shtu
1
13
satu, situ, shmu, shti, shou, shuu, stu, shiu, sht, shu, shsu, shau, setu

coward
coawrd
1
1
coard

kill
klil
1
16
kll, kli, koil, kalil, kil, knil, klim, klik, klin, klif, klia, klis, klip, lil, keil, kail

cancer
canecr
1
1
caner

idiot
idito
1
1
dito

whore
whroe
1
1
wroe

dick
idck
1
4
idcs, idk, ick, idc

idiot
idito
1
1
dito

idiot
idito
1
1
dito

penis
pneis
1
3
pneis, preis, peis

you
yuo
1
45
ymo, muo, ypo, luo, yo, yu, yoo, cuo, yio, yuzo, yuon, duo, yko, yugo, quo, wuo, yue, tuo, yuko, ruo, zuo, uo, yuto, yeo, guo, kuo, suo, huo, yao, yuq, yup, yus, yuu, yuv, yui, yuh, yuk, yum, yul, yuo, yun, yud, yug, yco, nuo

mouth
motuh
1
4
moth, motu, motus, motul

you
oyu
1
28
omu, yu, ayu, oyu, oyl, oyj, oye, oya, pyu, otu, oy, ou, obu, ozu, ocu, oku, oau, nyu, oyo, oru, kyu, odu, osu, owu, onu, olu, ryu, byu

sheet
shete
1
12
shite, shehe, shere, shute, shete, sheth, shee, swete, hete, siete, skete, sete

bitch
bicth
1
2
bich, birth

hell
ehll
1
6
eyll, ehl, ell, hll, emll, ehle

idiot
diiot
1
2
didot, dicot

theyre
thyere
1
1
there

cock
ccok
1
5
ccoo, chok, cook, cck, cco

hell
hlel
1
10
hel, hgel, lel, htel, hael, hll, hle, hleb, hoel, heel

dick
dikc
1
8
ditc, diki, diko, dike, dik, dic, difc, disc

stop
tsop
1
12
tso, tsp, wsop, toop, esop, tsoi, tsol, tsos, tsou, trop, sop, top

idiot
iidot
1
4
didot, indot, ridot, idot

damn
admn
1
14
adan, adin, adon, admi, admk, adma, adms, amn, addn, aden, dmn, admin, adn, adm

bitch
btich
1
4
bich, stich, tich, btech

bitch
ibtch
1
1
itch

cock
occk
1
3
ock, occ, cck

jerk
ejrk
1
2
bjrk, erk

suck
sukc
1
7
skc, ukc, suc, suk, suki, sukh, suka

penis
epnis
1
3
epcis, enis, ennis

suck
sukc
1
7
skc, ukc, suc, suk, suki, sukh, suka

sec
esc
1
78
emc, edc, wsc, lsc, tsc, epc, qsc, efc, ksc, fsc, egc, csc, nsc, ecc, ehc, esrc, esv, esu, est, ess, esr, esq, esp, esg, esf, ese, esc, esb, eso, esn, esm, esl, esk, esh, isc, eic, ecsc, etc, euc, psc, esx, evc, rsc, zsc, elc, gsc, ewc, exc, ec, es, asc, erc, enc, msc, eoc, e/c, esca, esch, esco, escs, dsc, cesc, sesc, vsc, eac, ssc, osc, sc, esd, esa, esi, hsc, eec, escp, usc, bsc, jsc, ebc

huh
uhh
1
31
ihh, uah, hh, uch, nhh, ugh, chh, uhoh, uh, uhf, uhd, uhc, uha, uhl, uhm, uhh, uhi, uhv, uht, uhr, uhs, uhp, uhy, shh, uhn, ahh, hhh, unh, uth, ohh, ush

hell
hlel
1
10
hel, hgel, lel, htel, hael, hll, hle, hleb, hoel, heel

blow
lbow
1
8
ebow, low, lebow, elbow, bow, lwow, lbw, lbo

bitch
btich
1
4
bich, stich, tich, btech

bitch
ibtch
1
1
itch

dick
idck
1
4
idcs, idk, ick, idc

moron
morno
1
18
morn, moro, horno, morne, borno, gorno, morny, morna, porno, morano, corno, morro, mono, moreno, morto, mordo, forno, morio

bitch
btich
1
4
bich, stich, tich, btech

suck
usck
1
11
uscs, usct, usca, uscc, uscg, uscf, busck, uck, usuk, usc, usk

need
nede
1
31
node, fede, ede, gede, nedo, nere, neds, nedi, nedd, neda, nese, sede, mede, neve, nide, newe, nene, neue, dede, nele, bede, lede, ned, nee, hede, nde, cede, nude, rede, nedre, nebe

suck
usck
1
11
uscs, usct, usca, uscc, uscg, uscf, busck, uck, usuk, usc, usk

racist
arcist
1
1
artist

fag
afg
1
54
aeg, ag, af, afl, afm, afn, afo, afi, afk, afd, afe, aff, afg, afb, afc, afx, aft, afu, afv, afp, afr, afs, lfg, ang, efg, aag, abg, aug, acg, avg, atg, afa, ffg, awg, agg, arg, pfg, fg, alg, asg, dfg, amg, tfg, ahg, aog, cfg, mfg, aig, sfg, akg, bfg, rfg, adg, apg

bitch
btich
1
4
bich, stich, tich, btech

dont
dotn
1
23
doen, doty, doin, down, doan, dots, dott, dotc, dota, dote, dotd, doti, doth, doto, donn, botn, doln, dot, doon, otn, dorn, don, dtn

nasty
ansty
1
4
ansty, ainsty, angsty, anstey

cock
occk
1
3
ock, occ, cck

cock
cokc
1
7
ckc, cosc, coke, coc, corc, okc, conc

idiot
iidot
1
4
didot, indot, ridot, idot

penis
epnis
1
3
epcis, enis, ennis

crap
crpa
1
27
crea, capa, crp, cra, ccpa, cpa, trpa, cspa, cppa, cipa, crps, rpa, crna, cmpa, copa, cypa, crha, arpa, cepa, cria, cfpa, cupa, cgpa, crpf, crpe, crpc, crda

bitch
btich
1
4
bich, stich, tich, btech

penis
peins
1
15
peons, pens, peis, penns, eins, perns, prins, peine, heins, veins, pins, meins, reins, pains, pepins

dick
idck
1
4
idcs, idk, ick, idc

dumb
dubm
1
10
ubm, duby, dubs, dubh, dube, dumm, duba, dbm, dum, dub

lying
lyign
1
1
lyin

idiot
iidot
1
4
didot, indot, ridot, idot

idiot
iidot
1
4
didot, indot, ridot, idot

crap
carp
1
37
casp, garp, cap, cary, carr, cars, carp, cart, cari, carn, caro, carl, carm, carb, card, care, sarp, scarp, capp, corp, crp, larp, car, cara, parp, arp, karp, tarp, camp, carpi, carpe, carps, earp, warp, cfrp, harp, aarp

bitch
bicth
1
2
bich, birth

dick
dikc
1
8
ditc, diki, diko, dike, dik, dic, difc, disc

are
aer
1
89
aep, aes, aer, aeu, aet, aew, aea, aec, aeb, aee, aed, aeg, aei, aek, aem, ael, aeo, ger, ar, ser, aef, aen, afr, her, ayr, agr, fer, wer, eer, ver, ier, aar, caer, baer, ae, laer, acer, atr, abr, aur, azer, aber, maer, acr, zer, avr, jer, gaer, aver, apr, aqr, haer, arr, aere, aera, aero, aert, ayer, ker, aker, er, asr, per, ater, alr, amr, yer, oer, ner, der, anr, ter, amer, aor, ager, mer, ahr, ber, afer, rer, air, ajr, ader, cer, akr, aper, auer, adr, ler

bitch
bicth
1
2
bich, birth

stupid
stupdi
1
1
studi

nigger
ngiger
1
2
niger, giger

dick
dcik
1
4
dik, dcis, dci, cik

bitch
ibtch
1
1
itch

suck
scuk
1
9
scu, fcuk, shuk, scup, scud, scum, suk, souk, sauk

tramp
trmap
1
1
trap

stop
tsop
1
12
tso, tsp, wsop, toop, esop, tsoi, tsol, tsos, tsou, trop, sop, top

cock
ccok
1
5
ccoo, chok, cook, cck, cco

gay
agy
1
42
ag, ay, wgy, algy, ago, agn, agm, agl, agk, agi, agh, agf, age, agd, agc, agb, aga, agw, agv, agu, agt, ags, agr, agp, azy, aby, acy, gy, hagy, agg, egy, aly, apy, yagy, kgy, ary, nagy, igy, amy, any, ngy, ady

demented
demetned
1
1
demeaned

idiot
idoit
1
2
idot, doit

moron
mroon
1
7
roon, troon, kroon, croon, moon, mrton, maroon

runt
urnt
1
7
unt, urns, urne, urna, burnt, arnt, urn

shove
shvoe
1
1
shoe

thanks
htanks
1
2
tanks, hanks

crap
crpa
1
27
crea, capa, crp, cra, ccpa, cpa, trpa, cspa, cppa, cipa, crps, rpa, crna, cmpa, copa, cypa, crha, arpa, cepa, cria, cfpa, cupa, cgpa, crpf, crpe, crpc, crda

suck
sukc
1
7
skc, ukc, suc, suk, suki, sukh, suka

penis
pneis
1
3
pneis, preis, peis

bitch
bicth
1
2
bich, birth

idiot
diiot
1
2
didot, dicot

crap
crpa
1
27
crea, capa, crp, cra, ccpa, cpa, trpa, cspa, cppa, cipa, crps, rpa, crna, cmpa, copa, cypa, crha, arpa, cepa, cria, cfpa, cupa, cgpa, crpf, crpe, crpc, crda

idiot
diiot
1
2
didot, dicot

eat
eta
1
104
eca, reta, zeta, veta, eda, cta, bta, jta, etz, etd, ete, ta, epa, etna, edta, efa, weta, ata, ita, etam, era, teta, etla, deta, eha, feta, esta, eia, pta, wta, etr, ets, etp, etv, ett, etu, etx, etb, etc, eta, etf, eth, eti, etn, eto, etl, etm, etta, ekta, ega, eua, aeta, eka, neta, ela, vta, lta, eva, ema, exa, ea, et, ena, meta, eita, oeta, rta, geta, efta, heta, gta, eaa, kta, sta, esa, tta, enta, hta, ota, etat, etap, etar, etas, etag, etal, etah, beta, etan, leta, eea, elta, jeta, ewa, erta, fta, peta, keta, nta, mta, dta, uta, ceta, seta, eba

sock
sokc
1
10
soki, sohc, soc, sok, skc, soko, sokn, soke, soka, okc

bitch
bicth
1
2
bich, birth

idiot
idito
1
1
dito

suck
usck
1
11
uscs, usct, usca, uscc, uscg, uscf, busck, uck, usuk, usc, usk

bitch
ibtch
1
1
itch

dick
dikc
1
8
ditc, diki, diko, dike, dik, dic, difc, disc

bitch
bicth
1
2
bich, birth

suck
sukc
1
7
skc, ukc, suc, suk, suki, sukh, suka

bitch
bicth
1
2
bich, birth

god
ogd
1
41
bogd, omd, lgd, agd, sgd, fgd, gd, od, ogs, oge, obd, ocd, rgd, pgd, oad, ord, ood, ond, ogt, ogp, ogm, ogl, ogo, ogn, ogi, ogg, oga, ogc, odd, igd, osd, og, opd, okd, oed, ohd, cgd, old, oid, mgd, oud

suck
usck
1
11
uscs, usct, usca, uscc, uscg, uscf, busck, uck, usuk, usc, usk

dick
dikc
1
8
ditc, diki, diko, dike, dik, dic, difc, disc

lame
laem
1
16
aem, lem, laam, qaem, laer, laet, lael, laem, labem, lahm, liem, lakm, lamm, haem, lam, lae

suck
usck
1
11
uscs, usct, usca, uscc, uscg, uscf, busck, uck, usuk, usc, usk

suck
scuk
1
9
scu, fcuk, shuk, scup, scud, scum, suk, souk, sauk

jerk
jrek
1
12
krek, jre, erek, prek, jeek, brek, jurek, trek, rek, jref, jren, jarek

suck
sukc
1
7
skc, ukc, suc, suk, suki, sukh, suka

more
mroe
1
10
groe, mroe, roe, mroz, mrode, wroe, mro, mre, meroe, moe

suck
scuk
1
9
scu, fcuk, shuk, scup, scud, scum, suk, souk, sauk

scum
scmu
1
9
samu, scm, scu, somu, shmu, cmu, smu, semu, scms

dirty
ditry
1
7
dmitry, divry, ditzy, vitry, ditty, daitry, diary

idiot
iidot
1
4
didot, indot, ridot, idot

curse
cruse
1
19
crust, crush, cruse, ruse, crude, kruse, crouse, cause, cruce, cruze, druse, cuse, crise, cruise, crue, crus, crusoe, creuse, couse

lame
lmae
1
6
lman, lmao, mae, lma, lme, lae

suck
sukc
1
7
skc, ukc, suc, suk, suki, sukh, suka

moron
moorn
1
9
morn, moora, moore, moors, moon, mourn, moor, hoorn, doorn

whore
whoer
1
2
whler, wher

shut
shtu
1
13
satu, situ, shmu, shti, shou, shuu, stu, shiu, sht, shu, shsu, shau, setu

loser
losre
1
5
lorre, lozre, lore, lose, loire

cock
ccok
1
5
ccoo, chok, cook, cck, cco

idiot
idoit
1
2
idot, doit

suck
sukc
1
7
skc, ukc, suc, suk, suki, sukh, suka

suck
scuk
1
9
scu, fcuk, shuk, scup, scud, scum, suk, souk, sauk

idiot
idoit
1
2
idot, doit

bitch
ibtch
1
1
itch

nipple
nippel
1
6
nipper, nipped, dippel, zippel, hippel, nispel

idiot
diiot
1
2
didot, dicot

cum
cmu
1
65
cvu, omu, nmu, dmu, cwu, tmu, cau, ctmu, ctu, cnu, cuu, cou, pmu, cru, csu, cmo, cmn, cmm, cml, cmj, cmh, cmg, cmf, cme, cmd, cmc, cmb, cma, cmx, cmw, cmv, cmu, cmt, cms, cmr, cmp, cpu, clu, chu, imu, mmu, smu, rmu, hmu, ciu, cdu, emu, cmi, mu, camu, amu, gmu, umu, cmus, jmu, cfu, wmu, cgu, vmu, cm, cu, lmu, ccu, ceu, cbu

idiot
idito
1
1
dito

stupid
stupdi
1
1
studi

scum
csum
1
14
cum, chum, csm, csu, csus, csun, bsum, rsum, tsum, csuf, clum, crum, sum, coum

geek
egek
1
10
emek, gek, erek, egen, ege, elek, eger, egea, eek, edek

idiot
idoit
1
2
idot, doit

idiot
diiot
1
2
didot, dicot

shame
shmae
1
1
shae

fat
aft
1
69
aet, af, afl, afm, afn, afo, afi, afk, afd, afe, aff, afg, afb, afc, afx, aft, afu, afv, afp, afr, afs, baft, agt, daft, hft, azt, aat, qft, att, abt, ast, aut, act, avt, afa, fft, uft, amt, awt, kft, apt, ft, akt, art, pft, oft, haft, eft, naft, ift, alt, dft, saft, aht, ant, raft, aot, cft, taft, nft, ait, tft, zaft, mft, at, sft, bft, rft, adt

suck
usck
1
11
uscs, usct, usca, uscc, uscg, uscf, busck, uck, usuk, usc, usk

load
olad
1
30
olid, ocad, oland, clad, olaf, olak, olah, vlad, oad, glad, oled, mlad, wlad, oulad, olai, olan, olam, olas, olap, olav, olau, olay, old, nolad, molad, elad, ohad, ola, blad, lad

garbage
gabrage
1
1
garage

black
blakc
1
5
blacc, blake, blanc, blak, blac

murder
mudrer
1
1
murer

hate
haet
1
25
hamet, hast, aet, hait, het, daet, hatt, laet, hat, havet, huet, hael, haek, haec, haer, hae, haft, haut, hart, halt, haeg, haret, haem, haat, heet

kill
ikll
1
4
kll, itll, ikl, ill

sock
osck
1
6
ock, osk, osc, osco, osce, osca

suck
scuk
1
9
scu, fcuk, shuk, scup, scud, scum, suk, souk, sauk

hell
hlel
1
10
hel, hgel, lel, htel, hael, hll, hle, hleb, hoel, heel

bitch
btich
1
4
bich, stich, tich, btech

hate
ahte
1
15
ahle, ate, ante, aute, alte, acte, arte, apte, aste, ahe, aht, amte, ahve, atte, hte

hell
hlel
1
10
hel, hgel, lel, htel, hael, hll, hle, hleb, hoel, heel

retard
ertard
1
2
erhard, erard

suck
usck
1
11
uscs, usct, usca, uscc, uscg, uscf, busck, uck, usuk, usc, usk

suck
scuk
1
9
scu, fcuk, shuk, scup, scud, scum, suk, souk, sauk

jerk
jrek
1
12
krek, jre, erek, prek, jeek, brek, jurek, trek, rek, jref, jren, jarek

suck
scuk
1
9
scu, fcuk, shuk, scup, scud, scum, suk, souk, sauk

die
ide
1
94
inde, pide, aide, ihe, idr, ie, ike, vide, ede, hide, vde, lde, ude, iae, id, ive, dde, ite, iwe, mide, nide, ipe, tide, bide, lide, side, kde, id=, idx, idv, idw, idt, idu, ids, idp, idn, idl, idm, idk, idh, idi, idf, idg, idd, ide, idb, ida, iie, iee, ise, idel, idem, iden, ideo, idee, idef, idea, idec, idex, ides, ife, yde, ode, pde, iue, ige, ride, de, nde, mde, tde, wide, ibe, ice, eide, gde, ize, cde, bde, rde, ile, idle, ido, idc, gide, ime, cide, ine, ire, ade, fide, i.e, sde, ioe

idiot
idito
1
1
dito

sex
esx
1
42
edx, tsx, efx, nsx, ex, esv, esu, est, ess, esr, esq, esp, esg, esf, ese, esc, esb, eso, esn, esm, esl, esk, esh, etx, psx, esx, csx, rsx, esox, gsx, emx, es, asx, osx, sx, esd, esa, esi, ssx, msx, eax, ebx

suck
scuk
1
9
scu, fcuk, shuk, scup, scud, scum, suk, souk, sauk

fag
fga
1
57
fia, fwa, wga, fha, fga, fva, lga, fka, aga, fpa, fea, fsa, faa, vga, fra, fgv, fgr, fgm, fgd, fgb, fgc, fpga, ga, dga, ffa, uga, ega, fda, jga, fa, kga, fuga, pga, fca, fba, fg, oga, fua, tga, iga, fgra, fgs, fgf, yga, nga, cga, fma, mga, fla, bga, rga, foa, gga, sga, fna, fta, hga

cock
occk
1
3
ock, occ, cck

sucking
suckign
1
1
suckin

idiot
diiot
1
2
didot, dicot

moron
omron
1
3
omran, omon, oron

idiot
diiot
1
2
didot, dicot

suck
scuk
1
9
scu, fcuk, shuk, scup, scud, scum, suk, souk, sauk

penis
pensi
1
8
ensi, pens, kensi, peni, pense, penso, sensi, pepsi

bitch
btich
1
4
bich, stich, tich, btech

idiot
diiot
1
2
didot, dicot

bitch
ibtch
1
1
itch

die
ide
1
94
inde, pide, aide, ihe, idr, ie, ike, vide, ede, hide, vde, lde, ude, iae, id, ive, dde, ite, iwe, mide, nide, ipe, tide, bide, lide, side, kde, id=, idx, idv, idw, idt, idu, ids, idp, idn, idl, idm, idk, idh, idi, idf, idg, idd, ide, idb, ida, iie, iee, ise, idel, idem, iden, ideo, idee, idef, idea, idec, idex, ides, ife, yde, ode, pde, iue, ige, ride, de, nde, mde, tde, wide, ibe, ice, eide, gde, ize, cde, bde, rde, ile, idle, ido, idc, gide, ime, cide, ine, ire, ade, fide, i.e, sde, ioe

sex
esx
1
42
edx, tsx, efx, nsx, ex, esv, esu, est, ess, esr, esq, esp, esg, esf, ese, esc, esb, eso, esn, esm, esl, esk, esh, etx, psx, esx, csx, rsx, esox, gsx, emx, es, asx, osx, sx, esd, esa, esi, ssx, msx, eax, ebx

hate
htae
1
6
tae, hae, htte, hte, hta, wtae

hate
htae
1
6
tae, hae, htte, hte, hta, wtae

bitch
btich
1
4
bich, stich, tich, btech

idiot
idito
1
1
dito

bitch
btich
1
4
bich, stich, tich, btech

suck
scuk
1
9
scu, fcuk, shuk, scup, scud, scum, suk, souk, sauk

dick
dikc
1
8
ditc, diki, diko, dike, dik, dic, difc, disc

screw
csrew
1
2
crew, carew

ugly
ulgy
1
2
algy, uley

dick
dcik
1
4
dik, dcis, dci, cik

trash
tarsh
1
9
warsh, tars, harsh, tash, taish, tarsi, tarso, karsh, marsh

care
acre
1
29
ache, nacre, cre, ancre, sacre, acr, acres, acree, acre, acle, akre, atre, aere, acte, aure, acri, acro, dacre, acra, ayre, agre, acne, ace, arre, acme, aare, avre, are, aire

idiot
iidot
1
4
didot, indot, ridot, idot

idiot
idito
1
1
dito

dick
dcik
1
4
dik, dcis, dci, cik

pussy
psusy
1
3
psus, susy, prusy

bitch
btich
1
4
bich, stich, tich, btech

cock
ccok
1
5
ccoo, chok, cook, cck, cco

beating
betaing
1
2
betaine, betting

care
acre
1
29
ache, nacre, cre, ancre, sacre, acr, acres, acree, acre, acle, akre, atre, aere, acte, aure, acri, acro, dacre, acra, ayre, agre, acne, ace, arre, acme, aare, avre, are, aire

ugly
ugyl
1
2
uyl, ugl

crap
rcap
1
18
cap, gcap, reap, acap, ccap, rap, rcas, rcaf, rcac, scap, rcp, rca, recap, rnap, ncap, pcap, rcmp, icap

prick
rpick
1
2
pick, rick

piss
psis
1
40
psgs, fsis, osis, pscs, psvs, gsis, lsis, psas, psts, peis, psus, pis, csis, phis, psos, psi, pss, pais, psms, psps, psys, ptis, sis, pshs, wsis, ppis, asis, psia, psii, psip, psis, pois, pris, usis, puis, isis, ssis, nsis, dsis, psfs

hate
ahte
1
15
ahle, ate, ante, aute, alte, acte, arte, apte, aste, ahe, aht, amte, ahve, atte, hte

fag
afg
1
54
aeg, ag, af, afl, afm, afn, afo, afi, afk, afd, afe, aff, afg, afb, afc, afx, aft, afu, afv, afp, afr, afs, lfg, ang, efg, aag, abg, aug, acg, avg, atg, afa, ffg, awg, agg, arg, pfg, fg, alg, asg, dfg, amg, tfg, ahg, aog, cfg, mfg, aig, sfg, akg, bfg, rfg, adg, apg

idiot
idito
1
1
dito

ugly
ulgy
1
2
algy, uley

hell
ehll
1
6
eyll, ehl, ell, hll, emll, ehle

life
lief
1
21
lef, ief, tief, lief, lied, liek, lien, liem, lier, lies, liev, liew, lieu, lie-, liff, lie, lif, alief, leef, fief, lieb

retarded
retraded
1
2
regraded, retraced

idiot
diiot
1
2
didot, dicot

true
ture
1
48
tyre, tule, bure, turre, eure, tire, turek, tune, tre, lure, tue, tuke, ure, tare, tute, tur, tuve, mure, aure, toure, dure, gure, tude, turw, turu, turn, turm, turl, turk, turi, turf, ture, turd, turc, tura, sure, pure, thure, tere, kure, cure, tore, sture, turo, tube, thre, jure, iure

hell
ehll
1
6
eyll, ehl, ell, hll, emll, ehle

violate
violaet
1
2
viollet, violet

crap
carp
1
37
casp, garp, cap, cary, carr, cars, carp, cart, cari, carn, caro, carl, carm, carb, card, care, sarp, scarp, capp, corp, crp, larp, car, cara, parp, arp, karp, tarp, camp, carpi, carpe, carps, earp, warp, cfrp, harp, aarp

prick
prcik
1
1
prcis

arse
asre
1
30
qasre, asra, isre, astre, acre, akre, asme, asle, atre, aere, aske, asr, ase, aure, aste, asse, ashe, asrc, asri, asrs, ayre, agre, aspe, arre, aare, asce, sre, avre, are, aire

dick
dcik
1
4
dik, dcis, dci, cik

dumb
dmub
1
5
dmb, dmu, daub, dmus, dub

piss
ipss
1
21
isss, imss, spss, irss, ipsos, pss, ipcs, ips, ipas, ipscs, iss, iiss, iprs, ipass, ipss, ipsc, ipsa, ipse, ipps, ipos, ipso

evil
veil
1
28
voil, vril, ceil, vel, vei, veal, zeil, peil, eil, neil, heil, vail, feil, geil, yeil, weil, vell, teil, verl, veils, veii, veil, vein, rveil, keil, reil, veit, vil

bitch
btich
1
4
bich, stich, tich, btech

hell
hlel
1
10
hel, hgel, lel, htel, hael, hll, hle, hleb, hoel, heel

dumb
udmb
1
6
dmb, udm, udmh, utmb, udmr, umb

gay
agy
1
42
ag, ay, wgy, algy, ago, agn, agm, agl, agk, agi, agh, agf, age, agd, agc, agb, aga, agw, agv, agu, agt, ags, agr, agp, azy, aby, acy, gy, hagy, agg, egy, aly, apy, yagy, kgy, ary, nagy, igy, amy, any, ngy, ady

hate
ahte
1
15
ahle, ate, ante, aute, alte, acte, arte, apte, aste, ahe, aht, amte, ahve, atte, hte

idiot
iidot
1
4
didot, indot, ridot, idot

screw
scrwe
1
1
scree

arse
rase
1
53
hase, rade, case, rate, nase, mase, rose, rasen, raise, ruse, raje, rake, jase, vase, rape, rahe, raye, rane, tase, raze, race, fase, rnase, rse, erase, rame, kase, rabe, ase, rale, ease, raspe, rise, rae, ras, pase, base, rafe, rage, rare, gase, rasc, rasa, raso, rasl, rask, rash, rasi, rast, rasp, aase, rass, rave

penis
pensi
1
8
ensi, pens, kensi, peni, pense, penso, sensi, pepsi

idiot
diiot
1
2
didot, dicot

murder
mruder
1
3
ruder, cruder, bruder

you
yuo
1
45
ymo, muo, ypo, luo, yo, yu, yoo, cuo, yio, yuzo, yuon, duo, yko, yugo, quo, wuo, yue, tuo, yuko, ruo, zuo, uo, yuto, yeo, guo, kuo, suo, huo, yao, yuq, yup, yus, yuu, yuv, yui, yuh, yuk, yum, yul, yuo, yun, yud, yug, yco, nuo

moron
morno
1
18
morn, moro, horno, morne, borno, gorno, morny, morna, porno, morano, corno, morro, mono, moreno, morto, mordo, forno, morio

moron
omron
1
3
omran, omon, oron

kill
ikll
1
4
kll, itll, ikl, ill

idiot
diiot
1
2
didot, dicot

bitch
bicth
1
2
bich, birth

suck
usck
1
11
uscs, usct, usca, uscc, uscg, uscf, busck, uck, usuk, usc, usk

bully
bluly
1
1
bluey

bum
ubm
1
51
uvm, sbm, uam, uwm, ubu, ubp, ubr, ubs, ube, uba, ubb, ubl, ubm, ubo, ubi, ucm, abm, udm, ufm, ugm, pbm, um, uhm, tbm, bm, uim, fbm, ubx, kbm, ukm, ub, ulm, mbm, umm, dbm, gbm, unm, uem, bbm, rbm, ibm, upm, ybm, urm, ubc, lbm, cbm, usm, utm, nbm, ebm

gay
agy
1
42
ag, ay, wgy, algy, ago, agn, agm, agl, agk, agi, agh, agf, age, agd, agc, agb, aga, agw, agv, agu, agt, ags, agr, agp, azy, aby, acy, gy, hagy, agg, egy, aly, apy, yagy, kgy, ary, nagy, igy, amy, any, ngy, ady

suck
scuk
1
9
scu, fcuk, shuk, scup, scud, scum, suk, souk, sauk

suck
sukc
1
7
skc, ukc, suc, suk, suki, sukh, suka

loser
olser
1
7
olver, olsen, elser, older, olier, orser, oller

lame
laem
1
16
aem, lem, laam, qaem, laer, laet, lael, laem, labem, lahm, liem, lakm, lamm, haem, lam, lae

suck
scuk
1
9
scu, fcuk, shuk, scup, scud, scum, suk, souk, sauk

fag
afg
1
54
aeg, ag, af, afl, afm, afn, afo, afi, afk, afd, afe, aff, afg, afb, afc, afx, aft, afu, afv, afp, afr, afs, lfg, ang, efg, aag, abg, aug, acg, avg, atg, afa, ffg, awg, agg, arg, pfg, fg, alg, asg, dfg, amg, tfg, ahg, aog, cfg, mfg, aig, sfg, akg, bfg, rfg, adg, apg

are
aer
1
89
aep, aes, aer, aeu, aet, aew, aea, aec, aeb, aee, aed, aeg, aei, aek, aem, ael, aeo, ger, ar, ser, aef, aen, afr, her, ayr, agr, fer, wer, eer, ver, ier, aar, caer, baer, ae, laer, acer, atr, abr, aur, azer, aber, maer, acr, zer, avr, jer, gaer, aver, apr, aqr, haer, arr, aere, aera, aero, aert, ayer, ker, aker, er, asr, per, ater, alr, amr, yer, oer, ner, der, anr, ter, amer, aor, ager, mer, ahr, ber, afer, rer, air, ajr, ader, cer, akr, aper, auer, adr, ler

get
egt
1
49
ect, lgt, edt, agt, eet, mgt, ept, eqt, ext, egs, egr, egw, egi, ego, egm, egl, egc, egg, egf, ege, ert, regt, gt, est, eit, ett, ugt, egy, egp, ega, elt, emt, eft, eg, et, ogt, ent, ggt, eot, igt, pgt, ngt, cgt, bgt, rgt, sgt, eat, hgt, ebt

sham
sahm
1
21
samm, sarm, zahm, sah, sam, rahm, saha, sahl, sahm, sahn, saho, sahi, lahm, dahm, nahm, shm, sahu, saham, ahm, salm, saam

stupid
stupdi
1
1
studi

crap
rcap
1
18
cap, gcap, reap, acap, ccap, rap, rcas, rcaf, rcac, scap, rcp, rca, recap, rnap, ncap, pcap, rcmp, icap

piss
psis
1
40
psgs, fsis, osis, pscs, psvs, gsis, lsis, psas, psts, peis, psus, pis, csis, phis, psos, psi, pss, pais, psms, psps, psys, ptis, sis, pshs, wsis, ppis, asis, psia, psii, psip, psis, pois, pris, usis, puis, isis, ssis, nsis, dsis, psfs

leave
laeve
1
4
lave, lieve, maeve, leve

least
leats
1
28
pleats, lears, beats, meats, leads, feats, leath, keats, cleats, lefts, seats, leaks, lents, eats, lats, letts, teats, geats, heats, leans, leahs, yeats, leas, leat, lets, leaps, peats, leafs

idiot
diiot
1
2
didot, dicot

suck
scuk
1
9
scu, fcuk, shuk, scup, scud, scum, suk, souk, sauk

idiot
idoit
1
2
idot, doit

nonsense
nnosense
1
1
nosense

pig
pgi
1
60
pfi, wgi, lgi, poi, agi, pyi, pg, pi, pni, pxi, pmi, pwi, pegi, pli, egi, pki, gi, pti, pii, ugi, psi, jgi, phi, pai, pri, pgf, pgd, pge, pgc, pga, pgn, pgo, pgl, pgm, pgk, pgh, pgi, pgr, pgs, pgp, ppi, pei, ogi, ygi, dgi, tgi, pdi, igi, pci, pbi, pagi, pvi, pgt, pui, ngi, cgi, mgi, bgi, rgi, sgi

penis
pneis
1
3
pneis, preis, peis

troll
rtoll
1
4
stoll, toll, atoll, roll

idiot
diiot
1
2
didot, dicot

kill
klil
1
16
kll, kli, koil, kalil, kil, knil, klim, klik, klin, klif, klia, klis, klip, lil, keil, kail

idiot
iidot
1
4
didot, indot, ridot, idot

you
yuo
1
45
ymo, muo, ypo, luo, yo, yu, yoo, cuo, yio, yuzo, yuon, duo, yko, yugo, quo, wuo, yue, tuo, yuko, ruo, zuo, uo, yuto, yeo, guo, kuo, suo, huo, yao, yuq, yup, yus, yuu, yuv, yui, yuh, yuk, yum, yul, yuo, yun, yud, yug, yco, nuo

gay
agy
1
42
ag, ay, wgy, algy, ago, agn, agm, agl, agk, agi, agh, agf, age, agd, agc, agb, aga, agw, agv, agu, agt, ags, agr, agp, azy, aby, acy, gy, hagy, agg, egy, aly, apy, yagy, kgy, ary, nagy, igy, amy, any, ngy, ady

cock
ccok
1
5
ccoo, chok, cook, cck, cco

suck
usck
1
11
uscs, usct, usca, uscc, uscg, uscf, busck, uck, usuk, usc, usk

idiot
idoit
1
2
idot, doit

suck
usck
1
11
uscs, usct, usca, uscc, uscg, uscf, busck, uck, usuk, usc, usk

stink
stikn
1
4
stin, stian, stiki, stijn

dick
dikc
1
8
ditc, diki, diko, dike, dik, dic, difc, disc

bitch
bicth
1
2
bich, birth

die
dei
1
88
dni, aei, gei, deo, sei, dex, dee, hei, daei, dzi, dli, wei, deir, deis, dein, eei, vei, lei, fei, dedi, deki, dmei, zei, drei, jei, rei, devi, dci, deli, dbi, dai, dewi, kei, iei, ei, pei, deri, dgi, desi, dui, dfi, yei, oei, dsi, di, de, nei, dey, dez, dep, deq, der, des, det, deu, dev, dew, deh, dei, dej, dek, del, dem, den, dea, deb, dec, ded, def, deg, tei, dri, ddi, doi, mei, bei, dpi, debi, dji, cei, dwi, dii, dvi, dmi, dhi, demi, dti, deni

moron
moorn
1
9
morn, moora, moore, moors, moon, mourn, moor, hoorn, doorn

suck
usck
1
11
uscs, usct, usca, uscc, uscg, uscf, busck, uck, usuk, usc, usk

idiot
diiot
1
2
didot, dicot

dumb
dubm
1
10
ubm, duby, dubs, dubh, dube, dumm, duba, dbm, dum, dub

penis
epnis
1
3
epcis, enis, ennis

stupid
stupdi
1
1
studi

liar
ilar
1
25
ilam, ilan, ilab, ilas, vilar, ila, ibar, pilar, clar, hlar, idar, isar, ilmar, ilaro, ivar, itar, ilir, iar, kilar, alar, lar, ilr, icar, iyar, klar

brain
brian
1
22
urian, obrian, briar, brian, irian, bran, brians, briant, briana, briand, briain, brien, brean, briin, burian, bryan, brin, bria, arian, bian, brion, rian

you
oyu
1
28
omu, yu, ayu, oyu, oyl, oyj, oye, oya, pyu, otu, oy, ou, obu, ozu, ocu, oku, oau, nyu, oyo, oru, kyu, odu, osu, owu, onu, olu, ryu, byu

dick
idck
1
4
idcs, idk, ick, idc

penis
pensi
1
8
ensi, pens, kensi, peni, pense, penso, sensi, pepsi

suck
scuk
1
9
scu, fcuk, shuk, scup, scud, scum, suk, souk, sauk

loser
loesr
1
3
loes, loeser, loess

bunch
bnuch
1
4
bouch, buch, bruch, bauch

moron
mroon
1
7
roon, troon, kroon, croon, moon, mrton, maroon

piss
psis
1
40
psgs, fsis, osis, pscs, psvs, gsis, lsis, psas, psts, peis, psus, pis, csis, phis, psos, psi, pss, pais, psms, psps, psys, ptis, sis, pshs, wsis, ppis, asis, psia, psii, psip, psis, pois, pris, usis, puis, isis, ssis, nsis, dsis, psfs

shame
shaem
1
9
shalem, sharm, shawm, shaam, shaef, shem, shae, sham, haem

fool
folo
1
35
foto, kolo, nolo, foco, bolo, solo, follo, holo, tolo, fogo, iolo, foli, jolo, filo, foxo, golo, yolo, molo, folio, fola, lolo, dolo, volo, colo, flo, folco, polo, rolo, fold, folk, fol, foo, foro, olo, fono

despise
despsie
1
1
dessie

suck
usck
1
11
uscs, usct, usca, uscc, uscg, uscf, busck, uck, usuk, usc, usk

cry
rcy
1
38
crcy, rct, rcu, rcr, rcm, rcf, acy, racy, rmy, rly, roy, ruy, rny, ray, rcx, rcz, rcv, rcw, rcp, rcs, rcl, rcn, rco, rch, rci, rcd, rce, rcg, rca, rcb, rcc, rby, cy, rey, icy, rwy, ry, rc

idiot
diiot
1
2
didot, dicot

bitch
ibtch
1
1
itch

shut
suht
1
14
sucht, suit, suha, suhl, sunt, uht, suat, sht, sust, suet, suhr, supt, suh, sut

suck
usck
1
11
uscs, usct, usca, uscc, uscg, uscf, busck, uck, usuk, usc, usk

idiot
idoit
1
2
idot, doit

eat
eta
1
104
eca, reta, zeta, veta, eda, cta, bta, jta, etz, etd, ete, ta, epa, etna, edta, efa, weta, ata, ita, etam, era, teta, etla, deta, eha, feta, esta, eia, pta, wta, etr, ets, etp, etv, ett, etu, etx, etb, etc, eta, etf, eth, eti, etn, eto, etl, etm, etta, ekta, ega, eua, aeta, eka, neta, ela, vta, lta, eva, ema, exa, ea, et, ena, meta, eita, oeta, rta, geta, efta, heta, gta, eaa, kta, sta, esa, tta, enta, hta, ota, etat, etap, etar, etas, etag, etal, etah, beta, etan, leta, eea, elta, jeta, ewa, erta, fta, peta, keta, nta, mta, dta, uta, ceta, seta, eba

idiot
diiot
1
2
didot, dicot

even
eevn
1
3
een, devn, evn

put
upt
1
60
hpt, uat, unt, fpt, wpt, ept, gpt, pt, opt, uct, udt, lpt, cpt, uet, uft, ugt, apt, ipt, uht, rpt, uit, ppt, xpt, ut, up, ult, umt, gupt, tpt, supt, upv, upn, ups, upto, mpt, dpt, up., upo, upl, upm, upi, upf, upg, upd, upe, upb, upc, upa, upw, upt, upu, upr, upp, vpt, kpt, bpt, spt, ust, npt, utt

die
dei
1
88
dni, aei, gei, deo, sei, dex, dee, hei, daei, dzi, dli, wei, deir, deis, dein, eei, vei, lei, fei, dedi, deki, dmei, zei, drei, jei, rei, devi, dci, deli, dbi, dai, dewi, kei, iei, ei, pei, deri, dgi, desi, dui, dfi, yei, oei, dsi, di, de, nei, dey, dez, dep, deq, der, des, det, deu, dev, dew, deh, dei, dej, dek, del, dem, den, dea, deb, dec, ded, def, deg, tei, dri, ddi, doi, mei, bei, dpi, debi, dji, cei, dwi, dii, dvi, dmi, dhi, demi, dti, deni

fat
aft
1
69
aet, af, afl, afm, afn, afo, afi, afk, afd, afe, aff, afg, afb, afc, afx, aft, afu, afv, afp, afr, afs, baft, agt, daft, hft, azt, aat, qft, att, abt, ast, aut, act, avt, afa, fft, uft, amt, awt, kft, apt, ft, akt, art, pft, oft, haft, eft, naft, ift, alt, dft, saft, aht, ant, raft, aot, cft, taft, nft, ait, tft, zaft, mft, at, sft, bft, rft, adt

sex
esx
1
42
edx, tsx, efx, nsx, ex, esv, esu, est, ess, esr, esq, esp, esg, esf, ese, esc, esb, eso, esn, esm, esl, esk, esh, etx, psx, esx, csx, rsx, esox, gsx, emx, es, asx, osx, sx, esd, esa, esi, ssx, msx, eax, ebx

weak
ewak
1
7
kwak, wewak, eyak, ewan, ewok, ewa, wak

sex
esx
1
42
edx, tsx, efx, nsx, ex, esv, esu, est, ess, esr, esq, esp, esg, esf, ese, esc, esb, eso, esn, esm, esl, esk, esh, etx, psx, esx, csx, rsx, esox, gsx, emx, es, asx, osx, sx, esd, esa, esi, ssx, msx, eax, ebx

penis
peins
1
15
peons, pens, peis, penns, eins, perns, prins, peine, heins, veins, pins, meins, reins, pains, pepins

get
egt
1
49
ect, lgt, edt, agt, eet, mgt, ept, eqt, ext, egs, egr, egw, egi, ego, egm, egl, egc, egg, egf, ege, ert, regt, gt, est, eit, ett, ugt, egy, egp, ega, elt, emt, eft, eg, et, ogt, ent, ggt, eot, igt, pgt, ngt, cgt, bgt, rgt, sgt, eat, hgt, ebt

shut
suht
1
14
sucht, suit, suha, suhl, sunt, uht, suat, sht, sust, suet, suhr, supt, suh, sut

white
hwite
1
2
wite, hite

dick
idck
1
4
idcs, idk, ick, idc

crap
rcap
1
18
cap, gcap, reap, acap, ccap, rap, rcas, rcaf, rcac, scap, rcp, rca, recap, rnap, ncap, pcap, rcmp, icap

bitch
ibtch
1
1
itch

anal
aanl
1
10
uanl, anl, aal, aan, aall, aani, aang, aana, lanl, danl

kill
ikll
1
4
kll, itll, ikl, ill

dick
idck
1
4
idcs, idk, ick, idc

trash
rtash
1
6
atash, rtsh, tash, rtas, rash, stash

fag
fga
1
57
fia, fwa, wga, fha, fga, fva, lga, fka, aga, fpa, fea, fsa, faa, vga, fra, fgv, fgr, fgm, fgd, fgb, fgc, fpga, ga, dga, ffa, uga, ega, fda, jga, fa, kga, fuga, pga, fca, fba, fg, oga, fua, tga, iga, fgra, fgs, fgf, yga, nga, cga, fma, mga, fla, bga, rga, foa, gga, sga, fna, fta, hga

shut
hsut
1
8
hout, hsus, jsut, haut, sut, hut, hst, hsu

whore
whroe
1
1
wroe

crap
crpa
1
27
crea, capa, crp, cra, ccpa, cpa, trpa, cspa, cppa, cipa, crps, rpa, crna, cmpa, copa, cypa, crha, arpa, cepa, cria, cfpa, cupa, cgpa, crpf, crpe, crpc, crda

ing
ign
1
53
ihn, wgn, ig, lgn, iin, agn, ijn, igns, itn, vgn, igen, in, gn, sign, ivn, ipn, pgn, idn, irn, gign, ien, isn, ogn, ifn, tgn, igt, igs, igr, igy, igg, igf, ige, igd, igc, iga, igo, ign, igm, igi, ian, igp, ibn, ngn, cgn, icn, ignc, igny, mgn, bgn, imn, sgn, inn, ion

arses
arsse
1
6
arise, arsne, arose, asse, arse, arese

bitch
bicth
1
2
bich, birth

cock
ccok
1
5
ccoo, chok, cook, cck, cco

naked
anked
1
8
tanked, inked, yanked, banked, anke, ranked, anker, asked

die
ide
1
94
inde, pide, aide, ihe, idr, ie, ike, vide, ede, hide, vde, lde, ude, iae, id, ive, dde, ite, iwe, mide, nide, ipe, tide, bide, lide, side, kde, id=, idx, idv, idw, idt, idu, ids, idp, idn, idl, idm, idk, idh, idi, idf, idg, idd, ide, idb, ida, iie, iee, ise, idel, idem, iden, ideo, idee, idef, idea, idec, idex, ides, ife, yde, ode, pde, iue, ige, ride, de, nde, mde, tde, wide, ibe, ice, eide, gde, ize, cde, bde, rde, ile, idle, ido, idc, gide, ime, cide, ine, ire, ade, fide, i.e, sde, ioe

stupid
stupdi
1
1
studi

moron
moorn
1
9
morn, moora, moore, moors, moon, mourn, moor, hoorn, doorn

nigger
ngiger
1
2
niger, giger

ugly
ugyl
1
2
uyl, ugl

licking
lciking
1
1
liking

fraud
rfaud
1
1
raud

jerk
jrek
1
12
krek, jre, erek, prek, jeek, brek, jurek, trek, rek, jref, jren, jarek

suck
usck
1
11
uscs, usct, usca, uscc, uscg, uscf, busck, uck, usuk, usc, usk

sick
sikc
1
11
siku, sika, siki, sikh, sirc, sipc, skc, sic, sik, siac, sinc

whore
hwore
1
3
swore, wore, hore

dick
dikc
1
8
ditc, diki, diko, dike, dik, dic, difc, disc

idiot
iidot
1
4
didot, indot, ridot, idot

get
egt
1
49
ect, lgt, edt, agt, eet, mgt, ept, eqt, ext, egs, egr, egw, egi, ego, egm, egl, egc, egg, egf, ege, ert, regt, gt, est, eit, ett, ugt, egy, egp, ega, elt, emt, eft, eg, et, ogt, ent, ggt, eot, igt, pgt, ngt, cgt, bgt, rgt, sgt, eat, hgt, ebt

anus
ansu
1
21
kansu, nsu, ansi, ansa, ansf, agsu, aksu, tansu, anse, wansu, asu, anju, anbu, gansu, anu, ans, antu, annu, anou, anzu, anau

penis
pensi
1
8
ensi, pens, kensi, peni, pense, penso, sensi, pepsi

suck
scuk
1
9
scu, fcuk, shuk, scup, scud, scum, suk, souk, sauk

suppress
supperss
1
1
suppers

hell
hlel
1
10
hel, hgel, lel, htel, hael, hll, hle, hleb, hoel, heel

retard
ertard
1
2
erhard, erard

you
yuo
1
45
ymo, muo, ypo, luo, yo, yu, yoo, cuo, yio, yuzo, yuon, duo, yko, yugo, quo, wuo, yue, tuo, yuko, ruo, zuo, uo, yuto, yeo, guo, kuo, suo, huo, yao, yuq, yup, yus, yuu, yuv, yui, yuh, yuk, yum, yul, yuo, yun, yud, yug, yco, nuo

crap
crpa
1
27
crea, capa, crp, cra, ccpa, cpa, trpa, cspa, cppa, cipa, crps, rpa, crna, cmpa, copa, cypa, crha, arpa, cepa, cria, cfpa, cupa, cgpa, crpf, crpe, crpc, crda

idiot
idoit
1
2
idot, doit

hell
hlel
1
10
hel, hgel, lel, htel, hael, hll, hle, hleb, hoel, heel

penis
pneis
1
3
pneis, preis, peis

suck
sukc
1
7
skc, ukc, suc, suk, suki, sukh, suka

anal
aanl
1
10
uanl, anl, aal, aan, aall, aani, aang, aana, lanl, danl

twat
wtat
1
14
wtam, wtt, wta, atat, ltat, wtvt, tat, wiat, stat, what, dtat, wtae, etat, wat

hate
htae
1
6
tae, hae, htte, hte, hta, wtae

death
daeth
1
5
darth, daet, deth, dath, daesh

racism
racsim
1
1
rasim

bitch
bicth
1
2
bich, birth

screw
srcew
1
1
srce

ugly
ulgy
1
2
algy, uley

fag
fga
1
57
fia, fwa, wga, fha, fga, fva, lga, fka, aga, fpa, fea, fsa, faa, vga, fra, fgv, fgr, fgm, fgd, fgb, fgc, fpga, ga, dga, ffa, uga, ega, fda, jga, fa, kga, fuga, pga, fca, fba, fg, oga, fua, tga, iga, fgra, fgs, fgf, yga, nga, cga, fma, mga, fla, bga, rga, foa, gga, sga, fna, fta, hga

destroy
destory
1
1
destry

jerk
ejrk
1
2
bjrk, erk

moron
morno
1
18
morn, moro, horno, morne, borno, gorno, morny, morna, porno, morano, corno, morro, mono, moreno, morto, mordo, forno, morio

idiot
diiot
1
2
didot, dicot

piece
picee
1
3
pices, picea, pice

damn
dman
1
37
edman, dma, tman, dyan, lman, gman, duan, uman, doman, deman, zman, dwan, dhan, dmac, dman, dmas, dmax, sman, man, djan, dan, hman, dmin, doan, dsan, dian, daman, oman, dmon, dean, xman, eman, duman, iman, daan, aman, dmn

insane
isnane
1
1
inane

are
aer
1
89
aep, aes, aer, aeu, aet, aew, aea, aec, aeb, aee, aed, aeg, aei, aek, aem, ael, aeo, ger, ar, ser, aef, aen, afr, her, ayr, agr, fer, wer, eer, ver, ier, aar, caer, baer, ae, laer, acer, atr, abr, aur, azer, aber, maer, acr, zer, avr, jer, gaer, aver, apr, aqr, haer, arr, aere, aera, aero, aert, ayer, ker, aker, er, asr, per, ater, alr, amr, yer, oer, ner, der, anr, ter, amer, aor, ager, mer, ahr, ber, afer, rer, air, ajr, ader, cer, akr, aper, auer, adr, ler

crap
carp
1
37
casp, garp, cap, cary, carr, cars, carp, cart, cari, carn, caro, carl, carm, carb, card, care, sarp, scarp, capp, corp, crp, larp, car, cara, parp, arp, karp, tarp, camp, carpi, carpe, carps, earp, warp, cfrp, harp, aarp

bitch
btich
1
4
bich, stich, tich, btech

idiot
idito
1
1
dito

fraud
fradu
1
3
radu, frade, frau

bitch
btich
1
4
bich, stich, tich, btech

moron
moorn
1
9
morn, moora, moore, moors, moon, mourn, moor, hoorn, doorn

ruin
runi
1
41
runs, runt, runx, runa, rune, rund, rung, runo, bruni, zuni, ruri, huni, tuni, juni, rusi, rumi, suni, ruki, ruhi, rani, runis, runic, runin, rini, buni, rui, run, rni, kuni, ruyi, muni, reni, uni, rudi, guni, rubi, luni, roni, puni, kruni, ruti

nasty
ansty
1
4
ansty, ainsty, angsty, anstey

idiot
diiot
1
2
didot, dicot

hate
ahte
1
15
ahle, ate, ante, aute, alte, acte, arte, apte, aste, ahe, aht, amte, ahve, atte, hte

suck
usck
1
11
uscs, usct, usca, uscc, uscg, uscf, busck, uck, usuk, usc, usk

dirty
ditry
1
7
dmitry, divry, ditzy, vitry, ditty, daitry, diary

stop
sotp
1
13
sftp, soup, sot, totp, sctp, smtp, stp, soap, otp, sop, sota, soto, soth

penis
pneis
1
3
pneis, preis, peis

black
blcak
1
2
bleak, blak

attack
atatck
1
2
atatrk, atack

eat
eta
1
104
eca, reta, zeta, veta, eda, cta, bta, jta, etz, etd, ete, ta, epa, etna, edta, efa, weta, ata, ita, etam, era, teta, etla, deta, eha, feta, esta, eia, pta, wta, etr, ets, etp, etv, ett, etu, etx, etb, etc, eta, etf, eth, eti, etn, eto, etl, etm, etta, ekta, ega, eua, aeta, eka, neta, ela, vta, lta, eva, ema, exa, ea, et, ena, meta, eita, oeta, rta, geta, efta, heta, gta, eaa, kta, sta, esa, tta, enta, hta, ota, etat, etap, etar, etas, etag, etal, etah, beta, etan, leta, eea, elta, jeta, ewa, erta, fta, peta, keta, nta, mta, dta, uta, ceta, seta, eba

dumb
udmb
1
6
dmb, udm, udmh, utmb, udmr, umb

ashamed
sahamed
1
2
shamed, ahamed

hell
ehll
1
6
eyll, ehl, ell, hll, emll, ehle

idiot
idoit
1
2
idot, doit

dumb
dubm
1
10
ubm, duby, dubs, dubh, dube, dumm, duba, dbm, dum, dub

touch
tuoch
1
1
toch

hell
ehll
1
6
eyll, ehl, ell, hll, emll, ehle

sexy
seyx
1
6
sey, sex, seyf, seyi, seax, styx

dick
idck
1
4
idcs, idk, ick, idc

sucker
suckre
1
2
sucre, suckle

arse
rase
1
53
hase, rade, case, rate, nase, mase, rose, rasen, raise, ruse, raje, rake, jase, vase, rape, rahe, raye, rane, tase, raze, race, fase, rnase, rse, erase, rame, kase, rabe, ase, rale, ease, raspe, rise, rae, ras, pase, base, rafe, rage, rare, gase, rasc, rasa, raso, rasl, rask, rash, rasi, rast, rasp, aase, rass, rave

fool
folo
1
35
foto, kolo, nolo, foco, bolo, solo, follo, holo, tolo, fogo, iolo, foli, jolo, filo, foxo, golo, yolo, molo, folio, fola, lolo, dolo, volo, colo, flo, folco, polo, rolo, fold, folk, fol, foo, foro, olo, fono

bitch
ibtch
1
1
itch

whore
whroe
1
1
wroe

shut
hsut
1
8
hout, hsus, jsut, haut, sut, hut, hst, hsu

damn
dman
1
37
edman, dma, tman, dyan, lman, gman, duan, uman, doman, deman, zman, dwan, dhan, dmac, dman, dmas, dmax, sman, man, djan, dan, hman, dmin, doan, dsan, dian, daman, oman, dmon, dean, xman, eman, duman, iman, daan, aman, dmn

dumb
dubm
1
10
ubm, duby, dubs, dubh, dube, dumm, duba, dbm, dum, dub

crap
rcap
1
18
cap, gcap, reap, acap, ccap, rap, rcas, rcaf, rcac, scap, rcp, rca, recap, rnap, ncap, pcap, rcmp, icap

jerk
ejrk
1
2
bjrk, erk

hell
ehll
1
6
eyll, ehl, ell, hll, emll, ehle

fool
folo
1
35
foto, kolo, nolo, foco, bolo, solo, follo, holo, tolo, fogo, iolo, foli, jolo, filo, foxo, golo, yolo, molo, folio, fola, lolo, dolo, volo, colo, flo, folco, polo, rolo, fold, folk, fol, foo, foro, olo, fono

brain
rbain
1
3
urbain, rain, bain

fat
aft
1
69
aet, af, afl, afm, afn, afo, afi, afk, afd, afe, aff, afg, afb, afc, afx, aft, afu, afv, afp, afr, afs, baft, agt, daft, hft, azt, aat, qft, att, abt, ast, aut, act, avt, afa, fft, uft, amt, awt, kft, apt, ft, akt, art, pft, oft, haft, eft, naft, ift, alt, dft, saft, aht, ant, raft, aot, cft, taft, nft, ait, tft, zaft, mft, at, sft, bft, rft, adt

moron
omron
1
3
omran, omon, oron

shut
hsut
1
8
hout, hsus, jsut, haut, sut, hut, hst, hsu

jerk
ejrk
1
2
bjrk, erk

silly
islly
1
3
islay, isley, illy

lying
lynig
1
1
lyng

snide
sinde
1
20
ginde, shinde, inde, sindel, sindy, sindi, sindh, singe, sinden, since, linde, scinde, side, sinoe, minde, sunde, hinde, sande, sind, sine

lick
likc
1
5
lika, like, linc, lic, lik

jerk
jekr
1
3
jeer, jer, jkr

scum
csum
1
14
cum, chum, csm, csu, csus, csun, bsum, rsum, tsum, csuf, clum, crum, sum, coum

slut
sult
1
31
suit, silt, salt, sunt, solt, sulz, sulu, sulm, suli, sulk, sule, sulf, sula, slt, suat, sylt, mult, sust, ult, suet, ault, kult, sault, supt, sul, sut, cult, sultn, sglt, soult, hult

turd
utrd
1
7
trd, usrd, utrs, urd, strd, utd, utr

kill
ikll
1
4
kll, itll, ikl, ill

hell
hlel
1
10
hel, hgel, lel, htel, hael, hll, hle, hleb, hoel, heel

not
ont
1
62
dnt, knt, tnt, omt, pnt, unt, ott, wont, nnt, opt, hont, onc, onr, ons, on, ot, bont, oct, nt, mnt, mont, sont, oat, lnt, ort, onf, oft, gnt, ond, ogt, ent, bnt, dont, odt, snt, wnt, ant, cnt, pont, oqt, onet, ost, ontv, onto, oni, onn, ono, ona, ong, one, ony, onv, ont, onu, on., on-, cont, out, oot, int, olt, font

bitch
bicth
1
2
bich, birth

eat
eta
1
104
eca, reta, zeta, veta, eda, cta, bta, jta, etz, etd, ete, ta, epa, etna, edta, efa, weta, ata, ita, etam, era, teta, etla, deta, eha, feta, esta, eia, pta, wta, etr, ets, etp, etv, ett, etu, etx, etb, etc, eta, etf, eth, eti, etn, eto, etl, etm, etta, ekta, ega, eua, aeta, eka, neta, ela, vta, lta, eva, ema, exa, ea, et, ena, meta, eita, oeta, rta, geta, efta, heta, gta, eaa, kta, sta, esa, tta, enta, hta, ota, etat, etap, etar, etas, etag, etal, etah, beta, etan, leta, eea, elta, jeta, ewa, erta, fta, peta, keta, nta, mta, dta, uta, ceta, seta, eba

fool
ofol
1
4
orol, ofo, obol, fol

bitch
ibtch
1
1
itch

damn
admn
1
14
adan, adin, adon, admi, admk, adma, adms, amn, addn, aden, dmn, admin, adn, adm

hate
haet
1
25
hamet, hast, aet, hait, het, daet, hatt, laet, hat, havet, huet, hael, haek, haec, haer, hae, haft, haut, hart, halt, haeg, haret, haem, haat, heet

dirty
ditry
1
7
dmitry, divry, ditzy, vitry, ditty, daitry, diary

back
bcak
1
12
baak, cak, biak, brak, bcad, bak, bck, bca, beak, bcal, bcas, blak

little
ltitle
1
1
title

damn
admn
1
14
adan, adin, adon, admi, admk, adma, adms, amn, addn, aden, dmn, admin, adn, adm

nasty
ansty
1
4
ansty, ainsty, angsty, anstey

stupid
stupdi
1
1
studi

hell
ehll
1
6
eyll, ehl, ell, hll, emll, ehle

nigger
ingger
1
1
inger

poop
popo
1
32
popn, poppo, popol, povo, pop, poo, pomo, ppo, poto, poco, pozo, pipo, lopo, pogo, topo, pupo, papo, poko, pepo, popov, opo, pono, dopo, polo, poro, poso, popa, pope, popi, popo, pops, popp

bitch
bicth
1
2
bich, birth

die
dei
1
88
dni, aei, gei, deo, sei, dex, dee, hei, daei, dzi, dli, wei, deir, deis, dein, eei, vei, lei, fei, dedi, deki, dmei, zei, drei, jei, rei, devi, dci, deli, dbi, dai, dewi, kei, iei, ei, pei, deri, dgi, desi, dui, dfi, yei, oei, dsi, di, de, nei, dey, dez, dep, deq, der, des, det, deu, dev, dew, deh, dei, dej, dek, del, dem, den, dea, deb, dec, ded, def, deg, tei, dri, ddi, doi, mei, bei, dpi, debi, dji, cei, dwi, dii, dvi, dmi, dhi, demi, dti, deni

idiot
idoit
1
2
idot, doit

whore
hwore
1
3
swore, wore, hore

cotton
cottno
1
1
cotto

burning
bunring
1
2
bunting, bunning

die
dei
1
88
dni, aei, gei, deo, sei, dex, dee, hei, daei, dzi, dli, wei, deir, deis, dein, eei, vei, lei, fei, dedi, deki, dmei, zei, drei, jei, rei, devi, dci, deli, dbi, dai, dewi, kei, iei, ei, pei, deri, dgi, desi, dui, dfi, yei, oei, dsi, di, de, nei, dey, dez, dep, deq, der, des, det, deu, dev, dew, deh, dei, dej, dek, del, dem, den, dea, deb, dec, ded, def, deg, tei, dri, ddi, doi, mei, bei, dpi, debi, dji, cei, dwi, dii, dvi, dmi, dhi, demi, dti, deni

bite
biet
1
27
viet, riet, bie, bit, bint, buet, birt, bist, tiet, bieu, bier, bies, biel, bien, iet, niet, beet, bret, bnet, binet, bidet, biot, bizet, diet, bet, bilt, piet

scum
scmu
1
9
samu, scm, scu, somu, shmu, cmu, smu, semu, scms

die
dei
1
88
dni, aei, gei, deo, sei, dex, dee, hei, daei, dzi, dli, wei, deir, deis, dein, eei, vei, lei, fei, dedi, deki, dmei, zei, drei, jei, rei, devi, dci, deli, dbi, dai, dewi, kei, iei, ei, pei, deri, dgi, desi, dui, dfi, yei, oei, dsi, di, de, nei, dey, dez, dep, deq, der, des, det, deu, dev, dew, deh, dei, dej, dek, del, dem, den, dea, deb, dec, ded, def, deg, tei, dri, ddi, doi, mei, bei, dpi, debi, dji, cei, dwi, dii, dvi, dmi, dhi, demi, dti, deni

idiot
idito
1
1
dito

